Okres,Razem czynsz [zł],Licznik CO,Licznik ciepłej wody,Licznik zimnej wody,Centralne ogrzewanie wg zużycia [zł],Koszty stałe i wspólne wytworzenia co i cw [zł],Podgrzanie wody [zł],Zimna woda i kanalizacja [zł],Wyrównanie zimna woda [zł],Razem media [zł],RAZEM OPŁATY [zł],OK?,Zużycie prądu,Koszt prądu,Last Updated
2025-09-01,0.0,,,,,,,,,,,OK,195.0,242.355,
2025-08-01,629.28,0.0,3.1,5.9,0.0,105.8,88.78,125.8,-10.8,309.58,938.86,OK,195.0,242.355,
2025-07-01,634.16,0.0,3.1,5.9,0.0,122.36,88.94,125.8,2.61,339.71,973.87,OK,181.0,220.4,
2025-06-01,629.28,0.0,4.6,5.9,0.0,113.16,153.64,146.73,13.1,426.63,1055.91,OK,181.0,220.4,
2025-05-01,632.82,0.75,5.3,6.5,134.24,172.04,152.22,164.61,-6.46,617.9,1250.72,Różnica -1.25 zł,200.0,229.61,
2025-04-01,634.81,0.83,4.4,5.2,133.53,230.0,123.55,133.92,13.35,634.6,1269.41,Różnica -0.25 zł,201.0,229.61,
2025-03-01,653.97,1.35,3.6,5.7,196.72,345.92,102.2,129.74,-9.34,765.49,1419.46,Różnica -0.25 zł,201.0,229.62,
2025-02-01,653.97,1.35,3.6,5.7,196.72,345.92,102.2,129.74,-9.34,765.49,1419.46,Różnica -0.25 zł,241.0,293.96,
2025-01-01,666.95,1.8,4.2,5.8,257.26,332.12,118.9,125.8,2.19,836.27,1503.22,OK,212.5,247.74,
2024-12-01,616.48,1.2,3.7,6.2,166.52,310.04,101.97,124.54,8.7,711.77,1328.25,OK,212.5,247.74,
2024-11-01,613.74,1.13,4.5,7.8,159.65,271.4,123.44,154.73,-0.33,708.89,1322.63,OK,216.5,252.35,
2024-10-01,595.86,0.75,3.4,6.7,109.49,160.08,85.82,127.06,14.62,497.07,1092.93,OK,216.5,252.34,2024-09-17 08:21:03
2024-09-01,591.44,0.08,0.9,2.5,7.55,108.56,27.14,42.77,-3.6,182.42,773.86,OK,111.5,137.46,2024-09-17 08:21:03
2024-08-01,595.23,0.0,3.1,5.3,0.0,123.28,92.91,105.67,-2.34,319.52,914.75,OK,111.5,137.45,2024-09-17 08:21:03
2024-07-01,591.44,0.0,3.5,5.2,0.0,113.16,105.95,109.45,6.68,335.24,926.68,OK,136.5,147.46,2024-09-17 08:21:03
2024-06-01,595.99,0.0,3.1,4.6,0.0,123.28,77.75,96.87,2.42,300.32,896.31,OK,136.5,147.46,2024-09-17 08:21:03
2024-05-01,591.44,0.15,2.9,4.3,22.68,132.48,70.85,90.58,-9.1,307.49,898.93,OK,129.5,131.1,2024-09-17 08:21:02
2024-04-01,601.95,0.6,3.0,8.9,79.85,241.96,68.97,149.7,11.84,552.32,1154.27,OK,129.5,131.1,2024-09-17 08:21:02
2024-03-01,605.04,2.1,3.0,4.8,255.05,242.88,69.54,98.12,-0.47,665.12,1270.16,OK,126.0,128.205,2024-09-17 08:21:03
2024-02-01,607.63,2.4,2.5,4.7,288.77,230.92,57.83,90.58,-6.51,661.59,1269.22,OK,126.0,128.205,2024-09-17 08:21:03
2024-01-01,715.4,3.6,3.2,4.8,428.33,305.44,74.53,100.64,-0.68,908.26,1623.66,OK,211.0,135.01,2024-09-17 08:21:03
2023-12-01,642.89,3.23,2.9,3.9,380.55,341.32,66.35,85.54,0.74,874.5,1517.39,OK,211.0,135.0,2024-09-17 08:21:39
2023-11-01,633.6,2.55,3.3,4.9,302.81,249.32,76.49,103.16,1.11,732.89,1366.49,OK,112.0,115.1,2024-09-17 08:21:39
2023-10-01,581.84,1.13,3.3,6.3,138.26,170.2,77.65,120.77,8.62,515.5,1097.34,OK,112.0,115.09,2024-09-17 08:21:39
2023-09-01,577.76,0.0,1.1,3.8,0.0,100.28,27.57,61.64,-2.68,186.81,764.57,OK,198.0,186.13,2024-09-17 08:21:03
2023-08-01,577.76,0.0,2.4,4.4,0.0,49.68,60.6,85.54,10.96,206.78,784.54,OK,198.0,186.13,2024-09-17 08:21:03
2023-07-01,581.57,0.0,2.8,8.0,0.0,108.56,70.17,135.86,-7.67,306.92,888.49,OK,35.0,51.08,2024-09-17 08:21:40
2023-06-01,582.64,0.0,1.5,2.9,0.0,125.12,36.5,55.35,2.87,219.84,802.48,OK,34.0,51.08,2024-09-17 08:21:39
2023-05-01,577.76,0.53,3.4,5.6,77.19,179.4,78.27,113.22,6.62,454.7,1032.46,OK,146.0,143.19,2024-09-17 08:21:39
2023-04-01,588.95,1.2,2.7,4.1,148.58,237.36,60.89,85.54,-0.51,531.86,1120.81,OK,146.0,143.19,2024-09-17 08:21:39
2023-03-01,622.8,1.65,3.9,5.0,202.41,249.32,88.8,111.96,-0.73,651.76,1274.56,OK,180.0,171.67,2024-09-17 08:21:40
2023-02-01,653.93,1.8,4.8,7.7,203.81,256.68,107.62,151.25,19.71,739.07,1393.0,OK,181.0,171.68,2024-09-17 08:21:40
2023-01-01,586.38,1.73,5.4,9.2,213.33,276.0,122.42,176.66,-14.91,773.5,1359.88,OK,228.0,194.15,2024-09-17 08:21:40
2022-12-01,614.5,2.1,3.9,6.1,199.44,267.72,71.02,121.0,2.29,661.47,1275.97,OK,228.0,194.15,2024-09-17 08:21:03
2022-11-01,589.44,1.58,5.2,7.4,150.52,194.12,96.67,152.46,22.2,615.97,1205.41,OK,251.0,194.87,2024-09-17 08:21:03
2022-10-01,563.92,0.6,5.5,8.8,61.0,119.6,101.09,173.03,-13.11,441.61,1005.53,OK,251.0,194.87,2024-09-17 08:21:03
2022-09-01,567.73,0.3,1.6,3.4,27.17,106.72,31.89,60.5,1.02,227.3,795.03,OK,119.0,102.84,2024-09-17 08:21:39
2022-08-01,563.92,0.0,1.7,4.3,0.0,82.8,33.98,72.6,7.2,196.58,760.5,OK,120.0,102.83,2024-09-17 08:21:39
2022-07-01,566.93,0.0,3.2,6.3,0.0,92.0,63.1,114.95,-6.07,263.98,830.91,OK,200.0,163.5,2024-09-17 08:21:03
2022-06-01,563.92,0.0,4.9,8.0,0.0,101.2,94.77,156.09,4.25,356.31,920.23,OK,201.0,163.5,2024-09-17 08:21:03
2022-05-01,567.66,0.68,5.6,8.7,81.86,117.76,104.5,173.03,9.04,486.19,1053.85,OK,285.0,191.18,2024-09-17 08:21:03
2022-04-01,546.57,1.65,6.3,8.3,174.88,198.72,119.45,176.66,-5.02,664.69,1211.26,OK,285.0,191.18,2024-09-17 08:21:03
2022-03-01,552.28,2.93,7.6,10.4,293.23,212.52,141.82,217.8,10.78,876.15,1428.43,OK,234.0,156.0,2024-09-17 08:21:03
2022-02-01,566.49,2.03,3.7,7.0,186.1,225.4,66.9,122.62,3.48,604.5,1170.99,OK,269.0,231.27,2024-09-17 08:21:03
2022-01-01,584.03,2.63,5.7,6.3,144.93,166.52,62.53,137.52,2.0,513.5,1097.53,OK,269.0,231.26,2024-09-17 08:21:03
2021-12-01,646.01,3.23,5.6,6.2,193.66,195.04,66.75,135.23,0.88,591.56,1237.57,OK,271.0,202.9,2024-09-17 08:21:40
2021-11-01,564.28,1.65,6.9,8.1,99.1,202.4,83.56,171.9,19.81,576.77,1141.05,OK,271.0,202.9,2024-09-17 08:21:40
2021-10-01,541.0,0.75,6.4,7.6,47.45,128.8,77.12,160.44,-13.98,399.83,940.83,OK,205.0,158.63,2024-09-17 08:21:40
2021-09-01,544.94,0.15,5.2,7.4,9.29,84.64,65.73,144.4,3.0,307.06,852.0,OK,205.0,158.62,2024-09-17 08:21:02
2021-08-01,543.97,0.0,5.3,7.1,0.0,84.64,68.69,142.1,6.47,301.9,845.87,OK,167.0,143.38,2024-09-17 08:21:02
2021-07-01,541.0,0.0,2.9,5.5,0.0,74.52,37.61,96.26,1.11,209.5,750.5,OK,167.0,143.38,2024-09-17 08:21:40
2021-06-01,545.41,0.0,4.6,6.9,0.0,92.92,58.74,131.79,0.66,284.11,829.52,OK,191.0,138.77,2024-09-17 08:21:40
2021-05-01,541.0,0.53,5.9,7.2,36.22,101.2,69.33,150.13,3.28,360.16,901.16,OK,191.0,138.77,2024-09-17 08:21:40
2021-04-01,545.05,1.13,5.7,8.1,72.33,149.96,67.03,158.15,3.57,451.04,996.09,OK,270.0,212.29,2024-09-17 08:21:40
2021-03-01,545.44,1.58,5.8,6.9,95.76,158.24,67.45,145.54,18.82,485.81,1031.25,OK,269.0,212.28,2024-09-17 08:21:40
2021-02-01,615.91,2.55,5.2,7.7,153.97,201.48,62.35,141.77,0.83,560.4,1176.31,OK,233.0,168.42,2024-09-17 08:21:40
2021-01-01,591.56,2.55,4.8,6.9,158.81,195.04,58.46,128.58,-4.09,536.8,1128.36,OK,232.0,168.41,2024-09-17 08:21:39